title,link
Không có tiêu đề,https://motphim.dk/phim/kho-do-danh
Không có tiêu đề,https://motphim.dk/phim/yeu-em
Không có tiêu đề,https://motphim.dk/phim/tu-cam
Không có tiêu đề,https://motphim.dk/phim/canh-tranh-than-thien
Không có tiêu đề,https://motphim.dk/phim/bac-thuong
Không có tiêu đề,https://motphim.dk/phim/trai-tim-bi-chon-vui
Không có tiêu đề,https://motphim.dk/phim/muc-than-ky
Không có tiêu đề,https://motphim.dk/phim/bi-mat-tinh-yeu-noi-cong-so
Không có tiêu đề,https://motphim.dk/phim/hoi-cac-vi-sao
Không có tiêu đề,https://motphim.dk/phim/quy-co-seon-ju-phuc-thu
Không có tiêu đề,https://motphim.dk/phim/bi-an-karawek
Không có tiêu đề,https://motphim.dk/phim/nu-cuoi-quy-quai
Không có tiêu đề,https://motphim.dk/phim/treu-nham-sac-son
Không có tiêu đề,https://motphim.dk/phim/the-last-showgirl
Không có tiêu đề,https://motphim.dk/phim/su-giac-ngo-cua-ba-noi-tro
Không có tiêu đề,https://motphim.dk/phim/hoan-doi-linh-hon-2024
Không có tiêu đề,https://motphim.dk/phim/may-man-sap-den
Không có tiêu đề,https://motphim.dk/phim/nha-hang-ma-quai
Không có tiêu đề,https://motphim.dk/phim/khong-luc
Không có tiêu đề,https://motphim.dk/phim/mickey-17
Không có tiêu đề,https://motphim.dk/phim/co-chanh-ngay-he
Không có tiêu đề,https://motphim.dk/phim/cuoc-dieu-hanh-im-lang
Không có tiêu đề,https://motphim.dk/phim/tee-yod-quy-an-tang-phan-2
Không có tiêu đề,https://motphim.dk/phim/ve-si-3-quyet-chien
Không có tiêu đề,https://motphim.dk/phim/than-xe-tuong-nha-son
Không có tiêu đề,https://motphim.dk/phim/toi-ac-tan-bao
Không có tiêu đề,https://motphim.dk/phim/tan-linh-quy-su-nguoi-bao-ve
Không có tiêu đề,https://motphim.dk/phim/pha-cuc
Không có tiêu đề,https://motphim.dk/phim/dong-bac-dai-tien-nhi
Không có tiêu đề,https://motphim.dk/phim/dao-ran-khong-lo
Không có tiêu đề,https://motphim.dk/phim/muc-than-ky
Không có tiêu đề,https://motphim.dk/phim/bi-mat-tinh-yeu-noi-cong-so
Không có tiêu đề,https://motphim.dk/phim/hoi-cac-vi-sao
Không có tiêu đề,https://motphim.dk/phim/quy-co-seon-ju-phuc-thu
Không có tiêu đề,https://motphim.dk/phim/bi-an-karawek
Không có tiêu đề,https://motphim.dk/phim/nu-cuoi-quy-quai
Không có tiêu đề,https://motphim.dk/phim/treu-nham-sac-son
Không có tiêu đề,https://motphim.dk/phim/su-giac-ngo-cua-ba-noi-tro
Không có tiêu đề,https://motphim.dk/phim/hoan-doi-linh-hon-2024
Không có tiêu đề,https://motphim.dk/phim/may-man-sap-den
Không có tiêu đề,https://motphim.dk/phim/than-dao-de-ton
Không có tiêu đề,https://motphim.dk/phim/ubel-blatt
Không có tiêu đề,https://motphim.dk/phim/the-last-showgirl
Không có tiêu đề,https://motphim.dk/phim/nha-hang-ma-quai
Không có tiêu đề,https://motphim.dk/phim/me-ke
Không có tiêu đề,https://motphim.dk/phim/bryan-johnson-nguoi-khao-khat-truong-sinh
Không có tiêu đề,https://motphim.dk/phim/ben-le-chang-tien-ve-va-toi
Không có tiêu đề,https://motphim.dk/phim/yeu-em-noi-the-gioi-lui-tan
Không có tiêu đề,https://motphim.dk/phim/nhat-ky-hai-trinh-one-piece-truyen-ky-dao-nguoi-ca
Không có tiêu đề,https://motphim.dk/phim/chang-trai-co-hinh-xam
Không có tiêu đề,https://motphim.dk/phim/nadaaniyan-dai-kho-khi-yeu
Không có tiêu đề,https://motphim.dk/phim/luyen-ngai-co-hon-da-quy
Không có tiêu đề,https://motphim.dk/phim/chu-cong-phuc-yeu
Không có tiêu đề,https://motphim.dk/phim/yeu-than-lenh
Không có tiêu đề,https://motphim.dk/phim/muc-than-ky
Không có tiêu đề,https://motphim.dk/phim/bi-mat-tinh-yeu-noi-cong-so
Không có tiêu đề,https://motphim.dk/phim/than-dao-de-ton
Không có tiêu đề,https://motphim.dk/phim/ubel-blatt
Không có tiêu đề,https://motphim.dk/phim/tuyet-the-chien-hon-3d
Không có tiêu đề,https://motphim.dk/phim/dau-chien-thien-ha
Không có tiêu đề,https://motphim.dk/phim/luyen-khi-muoi-van-nam
Không có tiêu đề,https://motphim.dk/phim/nhat-ky-hai-trinh-one-piece-truyen-ky-dao-nguoi-ca
Không có tiêu đề,https://motphim.dk/phim/vo-thuong-than-de-2-than-dao-de-ton
Không có tiêu đề,https://motphim.dk/phim/salaryman-ga-isekai-ni-ittara-shitennou-ni-natta-hanashi
Không có tiêu đề,https://motphim.dk/phim/sentai-red-isekai-de-boukensha-ni-naru
Không có tiêu đề,https://motphim.dk/phim/kono-kaisha-ni-suki-na-hito-ga-imasu
